Menu,Energy (kJ),Carbohydrates (g),Fat (g),Sodium (mg),Cholesterol (mg),Protein (g),HealthScore
Breastmilk (> 10 days post partum),288,7.0,4.03,13,0.016,1.13,4
kemiri,1155,51.7,4.4,452,0.0,22.4,2
adonan tepung beras,544,28.6,0.2,0,0.0,2.4,3
adonan tepung tapioka,1594,91.3,0.1,9,0.0,0.3,3
adonan tepung terigu,1523,76.3,1.0,2,0.0,10.3,3
beras ketan hitam,1510,79.5,0.6,0,0.0,6.7,3
beras ketan putih giling,1510,79.5,0.6,0,0.0,6.7,3
beras ketan putih tumbuk,1510,79.5,0.6,0,0.0,6.7,3
beras merah + beras pth campur,1418,72.9,1.4,1,0.0,6.6,3
beras merah giling,1498,75.2,2.6,3,0.0,7.4,3
beras merah tumbuk,1498,75.2,2.6,3,0.0,7.4,3
beras putih giling,1510,79.5,0.6,0,0.0,6.7,3
beras putih tumbuk,1510,79.5,0.6,0,0.0,6.7,3
bihun,1594,91.3,0.1,9,0.0,0.3,3
bihun goreng,992,22.9,15.2,0,0.0,1.9,2
tepung beras ketan putih,1510,79.5,0.6,0,0.0,6.7,3
tepung beras merah,1498,75.2,2.6,3,0.0,7.4,3
temu ireng,184,10.2,0.2,3,0.0,1.4,4
tepung beras,1510,79.5,0.6,0,0.0,6.7,3
tepung kentang,1594,91.3,0.1,9,0.0,0.3,3
tepung jagung putih,1515,76.9,3.6,35,0.0,8.1,3
tepung sagu,1594,91.3,0.1,9,0.0,0.3,3
tepung maizena,1594,91.3,0.1,9,0.0,0.3,3
tepung jagung kuning,1515,76.9,3.6,35,0.0,8.1,3
tepung garut / arrowroot,1594,91.3,0.1,9,0.0,0.3,3
tepung gaplek,1314,76.6,0.7,5,0.0,2.6,3
tepung tapioka,1594,91.3,0.1,9,0.0,0.3,3
tepung terigu,1523,76.3,1.0,2,0.0,10.3,3
blendung/ brontol,2510,75.1,31.0,11,0.0,4.6,2
ubi jalar merah,431,24.3,0.1,10,0.0,1.7,3
ubi jalar kuning,427,24.3,0.1,4,0.0,2.1,3
ubi jalar ungu,469,26.3,0.1,3,0.0,2.4,3
ubi jalar putih,469,26.3,0.1,3,0.0,2.4,3
uwi,406,22.9,0.1,3,0.0,2.1,3
bubur buatan pabrik,1556,64.8,6.0,6,0.0,15.6,3
campuran beras,1510,79.5,0.6,0,0.0,6.7,3
cantel,1389,73.7,3.0,7,0.0,10.3,3
gadung mentah,406,22.9,0.1,3,0.0,2.1,3
ganyong mentah,343,19.5,0.1,3,0.0,1.8,4
gaplek,1314,76.6,0.7,5,0.0,2.6,3
garut / irut mentah,1054,59.5,0.3,8,0.0,5.5,3
gembili / mbolo,406,22.9,0.1,3,0.0,2.1,3
intip,707,37.2,0.3,0,0.0,3.1,3
jagung kuning pipil baru,452,25.1,1.3,17,0.0,3.3,3
jagung kuning pipil lama,1515,76.9,3.6,35,0.0,8.1,3
jagung kuning segar,452,25.1,1.3,17,0.0,3.3,3
jagung muda berjanggel,247,13.8,0.7,9,0.0,1.8,4
jagung putih pipil baru,452,25.1,1.3,17,0.0,3.3,3
jagung putih pipil lama,1515,76.9,3.6,35,0.0,8.1,3
jagung putih segar,452,25.1,1.3,17,0.0,3.3,3
kathul beras merah,904,64.5,4.3,2,0.0,15.6,3
katul beras,904,64.5,4.3,2,0.0,15.6,3
kentang,389,21.6,0.1,5,0.0,2.0,3
kentang hitam,389,21.6,0.1,5,0.0,2.0,3
kimpul mentah,469,26.3,0.1,3,0.0,2.4,3
krecek irut,1460,82.4,0.4,11,0.0,7.6,3
makaroni,1477,70.8,1.8,3,0.0,12.0,3
martabak manis,929,15.2,17.1,25,85.0,2.5,2
mie + bakso (6) + kuah,619,19.8,2.0,21,28.0,11.7,4
mie + kuah,590,28.3,0.7,1,0.0,4.8,3
mie ayam,590,28.3,0.7,1,0.0,4.8,3
mie bakso,590,28.3,0.7,1,0.0,4.8,3
mie basah,590,28.3,0.7,1,0.0,4.8,3
mie kering,1360,56.6,6.4,2,0.0,9.6,3
mie kering,1180,56.6,1.4,2,0.0,9.6,3
mie soun,1594,91.3,0.1,9,0.0,0.3,3
misoa,1297,62.3,1.5,2,0.0,10.6,3
nasi goreng,1046,20.1,17.2,9,26.0,3.5,2
nasi jagung,506,27.2,0.6,7,0.0,2.8,3
nasi liwet,544,28.6,0.2,0,0.0,2.4,3
nasi lunak and kangkung,423,22.0,0.2,4,0.0,2.4,3
nasi putih,544,28.6,0.2,0,0.0,2.4,3
nasi putih kukus,544,28.6,0.2,0,0.0,2.4,3
nasi soto,272,14.3,0.1,0,0.0,1.2,4
nasi tim,490,25.7,0.2,0,0.0,2.2,3
nasi tim ayam,586,21.5,3.0,11,12.0,5.8,3
nasi tim bayam,418,21.8,0.2,2,0.0,2.1,3
nasi tim daging,649,21.5,4.8,8,13.0,5.4,3
nasi tim wortel kentang,439,23.2,0.2,7,0.0,2.0,3
nasi uduk,494,23.5,1.5,1,0.0,2.1,3
nastar,866,42.9,2.0,22,72.0,4.4,2
pati ganyong,1594,91.3,0.1,9,0.0,0.3,3
pati irut / kerut,1594,91.3,0.1,9,0.0,0.3,3
roti bakar meises,1188,52.5,4.3,579,0.0,8.6,2
roti choklat,1188,52.5,4.3,579,0.0,8.6,2
roti daging,1192,46.7,5.8,553,9.0,10.3,2
roti goreng,1657,41.5,22.4,487,0.0,7.0,1
roti isi kac ijo,1079,48.8,2.8,549,0.0,8.7,2
roti isi nanas,1054,49.1,2.6,518,0.0,7.5,2
roti isi strawberry,1054,49.1,2.6,518,0.0,7.5,2
roti keju,1172,49.4,4.5,610,5.0,9.6,2
roti kukis,1188,52.5,4.3,579,0.0,8.6,2
roti manis,1192,56.7,2.7,548,0.0,7.9,2
roti mocca,1188,52.5,4.3,579,0.0,8.6,2
roti mukka special,1188,52.5,4.3,579,0.0,8.6,2
roti pawa rp.50,1146,51.9,3.0,609,0.0,8.8,2
roti pisang,615,32.0,1.3,183,0.0,3.3,3
roti selei nenas,1172,54.3,2.9,579,0.0,8.4,2
roti sisir,766,36.0,2.0,311,21.0,5.0,2
roti surabaya,766,36.0,2.0,311,21.0,5.0,2
roti susu,1280,51.0,6.2,598,13.0,10.8,2
roti tawar,1146,51.9,3.0,609,0.0,8.8,2
roti tawar manis,1192,56.7,2.7,548,0.0,7.9,2
sagu lempeng,845,46.2,0.3,3,0.0,2.5,3
sarimie,590,28.3,0.7,1,0.0,4.8,3
senthe,628,35.4,0.1,4,0.0,2.4,3
singkong kuning,527,30.8,0.3,5,0.0,1.1,3
singkong oyek,1427,82.1,0.3,8,0.0,1.1,3
singkong parut,548,31.9,0.3,2,0.0,1.1,3
singkong putih,548,31.9,0.3,2,0.0,1.1,3
supermie,590,28.3,0.7,1,0.0,4.8,3
suweg mentah,406,22.9,0.1,3,0.0,2.1,3
talas mentah,469,26.3,0.1,3,0.0,2.4,3
tempe gembus,833,17.0,7.7,6,0.0,19.0,4
tempe kedele busuk,833,17.0,7.7,6,0.0,19.0,4
tempe koro benguk,586,23.8,1.5,5,0.0,9.0,3
tempe koro pedang,531,22.8,0.5,2,0.0,8.7,3
tempe kedele murni,833,17.0,7.7,6,0.0,19.0,4
tempe lamtoro,552,23.6,0.5,6,0.0,9.1,3
tempeh goreng,1410,17.0,23.7,6,0.0,19.0,3
tepung hunkwee,1594,91.3,0.1,9,0.0,0.3,3
toge kacang kedele mentah,510,9.6,6.7,14,0.0,13.1,4
toge kacang hijau mentah,255,4.8,3.4,7,0.0,6.6,4
toge kacang tolo mentah,255,4.8,3.4,7,0.0,6.6,4
wijen,2397,23.5,49.7,11,0.0,17.7,2
gucang,2222,32.9,39.4,15,0.0,20.6,2
gude,1335,57.1,1.2,15,0.0,22.0,3
jengkol,176,7.8,0.1,2,0.0,2.7,4
kacang hijau,485,20.8,0.5,4,0.0,7.7,3
kacang kapri mentah,351,15.6,0.2,3,0.0,5.4,4
kacang kapri muda mentah,351,15.6,0.2,3,0.0,5.4,4
kacang merah,1402,60.2,1.3,5,0.0,23.0,3
kacang mete  kulit mentah,741,6.1,15.7,3,0.0,6.0,3
kacang mete kupas kulit,2464,20.4,52.2,11,0.0,20.0,2
kacang panjang biji,146,7.9,0.3,3,0.0,1.9,4
kacang panjang mentah,146,7.9,0.3,3,0.0,1.9,4
kacang tanah kulit,1732,11.8,35.9,13,0.0,18.8,3
kacang tanah muda kulit,1732,11.8,35.9,13,0.0,18.8,3
kacang tanah tanpa kulit,2372,16.1,49.2,18,0.0,25.8,3
kacang tolo (tonggak),485,20.8,0.5,4,0.0,7.7,3
kapri muda mentah,146,7.9,0.3,3,0.0,1.9,4
kecipir biji,1460,25.4,16.8,2,0.0,30.7,2
kecipir muda mentah,146,7.9,0.3,3,0.0,1.9,4
kedele hitam,1736,30.3,20.0,3,0.0,36.5,2
kedele kuning,1736,30.3,20.0,3,0.0,36.5,2
kembang tahu mentah,1590,9.5,24.0,35,0.0,40.5,3
kemiri,2464,20.4,52.2,11,0.0,20.0,2
ketapang (buah),2464,20.4,52.2,11,0.0,20.0,2
kluwih biji mentah,640,33.6,0.8,2,0.0,2.9,3
koro benguk biji,1544,62.7,3.9,12,0.0,23.6,3
koro uceng,1544,62.7,3.9,12,0.0,23.6,3
koro wedus,1280,54.9,1.3,11,0.0,20.3,3
koro wedus buah muda,247,10.9,0.1,2,0.0,3.8,4
lamtoro biji muda,351,15.6,0.2,3,0.0,5.4,4
lamtoro biji tua,552,23.6,0.5,6,0.0,9.1,3
nangka biji,640,33.6,0.8,2,0.0,2.9,3
pepes tahu,318,1.9,4.8,7,0.0,8.1,4
petai segar,498,12.9,3.9,9,0.0,9.6,4
sayur tahu,753,11.3,13.4,5,0.0,5.7,3
sayur tempe,1109,16.7,17.0,7,0.0,15.9,3
semur tahu,573,10.6,4.5,26,28.0,13.7,4
tahu,318,1.9,4.8,7,0.0,8.1,4
tahu goreng,862,1.7,20.3,6,0.0,7.3,3
air kelapa tua,75,3.6,0.3,1,0.0,0.1,4
ampas kelapa,1481,15.2,33.5,20,0.0,3.3,3
anggur hutan,126,7.7,0.2,0,0.0,0.1,4
apel,247,15.3,0.4,0,0.0,0.2,4
arbei,218,12.8,0.4,0,0.0,0.7,4
asam mangga,272,17.0,0.3,2,0.0,0.5,4
asam masak di pohon,1067,67.2,0.4,10,0.0,2.7,3
belimbing,134,7.2,0.4,2,0.0,0.6,4
belimbing wuluh,134,7.2,0.4,2,0.0,0.6,4
buah pisang susu,385,23.4,0.5,1,0.0,1.0,3
bungkil kelapa,1552,57.6,16.8,11,0.0,1.7,2
cempedak,485,31.2,0.2,5,0.0,0.8,3
cerme,247,15.3,0.4,0,0.0,0.2,4
cimplukan,126,7.7,0.2,0,0.0,0.1,4
cipleng / jeblokan,126,7.7,0.2,0,0.0,0.1,4
duku,247,15.3,0.4,0,0.0,0.2,4
durian,410,24.8,0.8,2,0.0,0.8,3
duwet,247,15.3,0.4,0,0.0,0.2,4
gori / nangka muda mentah,184,10.2,0.2,3,0.0,1.4,4
jambu air,247,15.3,0.4,0,0.0,0.2,4
jambu biji,213,11.9,0.6,3,0.0,0.8,4
jambu bol,247,15.3,0.4,0,0.0,0.2,4
jambu monyet buah,213,11.9,0.6,3,0.0,0.8,4
jantung pisang,88,5.0,0.7,6,0.0,1.2,4
jeruk bali,121,9.3,0.3,2,0.0,1.1,4
jeruk garut,197,11.8,0.1,0,0.0,0.9,4
jeruk manis,197,11.8,0.1,0,0.0,0.9,4
jeruk nipis,121,9.3,0.3,2,0.0,1.1,4
jus alpukat,331,11.8,3.8,3,0.0,0.5,4
jus tomat,92,5.3,0.2,5,0.0,0.5,4
kasreng,247,15.3,0.4,0,0.0,0.2,4
kedondong masak,134,7.2,0.4,2,0.0,0.6,4
kedondong muda,134,7.2,0.4,2,0.0,0.6,4
kelapa 1/2 tua daging,741,7.6,16.8,10,0.0,1.7,3
kelapa ampas,146,1.5,3.4,2,0.0,0.3,4
kelapa muda air,75,3.6,0.3,1,0.0,0.1,4
kelapa muda daging,293,10.0,3.4,5,0.0,0.5,4
kelapa muda daging + air,293,10.0,3.4,5,0.0,0.5,4
kelapa parutan,741,7.6,16.8,10,0.0,1.7,3
kelapa tua daging,1481,15.2,33.5,20,0.0,3.3,3
kelengkeng,331,20.2,0.2,3,0.0,1.2,3
kembang turi rebus belu,88,5.0,0.7,6,0.0,1.2,4
kenthos kelapa,1481,15.2,33.5,20,0.0,3.3,3
kepel,247,15.3,0.4,0,0.0,0.2,4
kesemek / buah genit,272,17.0,0.3,2,0.0,0.5,4
kluwih mentah,431,27.1,0.2,2,0.0,1.1,3
kokosan,247,15.3,0.4,0,0.0,0.2,4
kolang kaling,184,11.5,0.3,0,0.0,0.2,4
kulit melinjo,481,28.6,0.4,5,0.0,2.3,3
kurma,1167,73.6,0.5,11,0.0,3.0,3
langsat,247,15.3,0.4,0,0.0,0.2,4
mangga gedong / gadung,272,17.0,0.3,2,0.0,0.5,4
mangga golek,272,17.0,0.3,2,0.0,0.5,4
mangga harum manis,272,17.0,0.3,2,0.0,0.5,4
mangga indramayu,272,17.0,0.3,2,0.0,0.5,4
mangga keong masak,272,17.0,0.3,2,0.0,0.5,4
mangga kopek,272,17.0,0.3,2,0.0,0.5,4
mangga kopyor,272,17.0,0.3,2,0.0,0.5,4
mangga krasak,272,17.0,0.3,2,0.0,0.5,4
mangga kuweni,272,17.0,0.3,2,0.0,0.5,4
mangga masak,272,17.0,0.3,2,0.0,0.5,4
mangga muda,272,17.0,0.3,2,0.0,0.5,4
mangga nanas,272,17.0,0.3,2,0.0,0.5,4
mangga pakel,272,17.0,0.3,2,0.0,0.5,4
mangga sengir masak,272,17.0,0.3,2,0.0,0.5,4
mangga sepat,272,17.0,0.3,2,0.0,0.5,4
mangga telo,272,17.0,0.3,2,0.0,0.5,4
manggis,247,15.3,0.4,0,0.0,0.2,4
matuwa,247,15.3,0.4,0,0.0,0.2,4
melinjo (buah),197,11.8,0.1,0,0.0,0.9,4
menteng / kemundung,247,15.3,0.4,0,0.0,0.2,4
nanas,205,12.4,0.4,1,0.0,0.4,4
nangka masak di pohon,485,31.2,0.2,5,0.0,0.8,3
pepaya,163,9.8,0.1,3,0.0,0.6,4
pepaya muda mentah,92,4.5,0.4,8,0.0,1.0,4
pisang ambon,385,23.4,0.5,1,0.0,1.0,3
pisang ambon hong matang,385,23.4,0.5,1,0.0,1.0,3
pisang ambon mentah,385,23.4,0.5,1,0.0,1.0,3
pisang angle,385,23.4,0.5,1,0.0,1.0,3
pisang asem matang,385,23.4,0.5,1,0.0,1.0,3
pisang hijau,485,31.2,0.2,5,0.0,0.8,3
pisang jambe,485,31.2,0.2,5,0.0,0.8,3
pisang jeklek,385,23.4,0.5,1,0.0,1.0,3
pisang kapok gembrot,485,31.2,0.2,5,0.0,0.8,3
pisang kapok kuning,485,31.2,0.2,5,0.0,0.8,3
pisang kele,385,23.4,0.5,1,0.0,1.0,3
pisang kepok,485,31.2,0.2,5,0.0,0.8,3
pisang kepok bawen / suluh,485,31.2,0.2,5,0.0,0.8,3
pisang kepok bawen mentah,485,31.2,0.2,5,0.0,0.8,3
pisang kepok kuning mentah,485,31.2,0.2,5,0.0,0.8,3
pisang kepok putih mentah,485,31.2,0.2,5,0.0,0.8,3
pisang klutuk matang,385,23.4,0.5,1,0.0,1.0,3
pisang kreak matang,385,23.4,0.5,1,0.0,1.0,3
pisang mas,385,23.4,0.5,1,0.0,1.0,3
pisang potho,385,23.4,0.5,1,0.0,1.0,3
pisang potho mentah,385,23.4,0.5,1,0.0,1.0,3
pisang prasmen,385,23.4,0.5,1,0.0,1.0,3
pisang prasmen mentah,385,23.4,0.5,1,0.0,1.0,3
pisang pulut,385,23.4,0.5,1,0.0,1.0,3
pisang raja,385,23.4,0.5,1,0.0,1.0,3
pisang raja bandung,385,23.4,0.5,1,0.0,1.0,3
pisang raja bandung mentah,385,23.4,0.5,1,0.0,1.0,3
pisang raja kawista matang,385,23.4,0.5,1,0.0,1.0,3
pisang raja mentah / muda,385,23.4,0.5,1,0.0,1.0,3
pisang raja nangka matang,385,23.4,0.5,1,0.0,1.0,3
pisang raja nangka mentah,385,23.4,0.5,1,0.0,1.0,3
pisang raja sereh (susu),385,23.4,0.5,1,0.0,1.0,3
pisang raja uli,385,23.4,0.5,1,0.0,1.0,3
pisang rama,385,23.4,0.5,1,0.0,1.0,3
pisang rayap matang,385,23.4,0.5,1,0.0,1.0,3
pisang santen,385,23.4,0.5,1,0.0,1.0,3
pisang siam,485,31.2,0.2,5,0.0,0.8,3
pondoh kelapa,54,2.1,0.2,9,0.0,1.0,4
rambutan,205,12.4,0.4,1,0.0,0.4,4
rambutan aceh,205,12.4,0.4,1,0.0,0.4,4
salak,343,21.3,0.4,0,0.0,0.2,3
santan (kelapa dan air),444,4.6,10.1,6,0.0,1.0,3
santan (kelapa saja),1481,15.2,33.5,20,0.0,3.3,3
sawo,347,21.4,0.6,0,0.0,0.3,3
sawo bludru,347,21.4,0.6,0,0.0,0.3,3
sawo duren,247,15.3,0.4,0,0.0,0.2,4
semangka,134,7.2,0.4,2,0.0,0.6,4
semangka muda,134,7.2,0.4,2,0.0,0.6,4
setup pepaya,163,9.8,0.1,3,0.0,0.6,4
sirsak,293,17.8,0.3,2,0.0,0.7,4
srikaya,331,20.2,0.2,3,0.0,1.2,3
sukun,431,27.1,0.2,2,0.0,1.1,3
talok / kersen,126,7.7,0.2,0,0.0,0.1,4
alpokat,674,7.4,15.3,10,0.0,2.0,3
asparagus putih segar,54,2.1,0.2,9,0.0,1.0,4
bawang merah,184,10.2,0.2,3,0.0,1.4,4
bawang putih,368,20.4,0.4,6,0.0,2.8,3
bayam merah,155,7.3,0.2,11,0.0,3.7,4
bayam segar,155,7.3,0.2,11,0.0,3.7,4
bengkuang,184,10.2,0.2,3,0.0,1.4,4
bening bayam belu,33,1.3,0.1,23,0.0,1.0,4
bening selada air and kangkung belu,1377,48.0,14.8,57,13.0,3.9,2
bening selada air belu,88,4.3,0.4,8,0.0,1.0,4
tekokak,167,8.6,0.6,2,0.0,1.8,4
terong putih mentah,117,6.6,0.2,3,0.0,0.8,4
terong belanda / ungu,117,6.6,0.2,3,0.0,0.8,4
tumis bayam and sawi belu,393,1.2,10.1,11,0.0,1.2,3
tomat muda,88,4.6,0.3,9,0.0,0.9,4
tumis buah pepaya muda belu,188,7.0,2.1,2,0.0,0.4,4
tumis bayam and sawi and timun belu,259,1.7,6.1,10,0.0,1.3,4
tumis buah labu waluh belu,130,1.2,3.1,0,0.0,0.1,4
tumis bayam belu,276,0.9,7.1,17,0.0,0.7,4
tomat masak,88,4.6,0.3,9,0.0,0.9,4
tumis pucuk labu waluh belu,188,0.5,5.0,3,0.0,0.1,4
tumis daun singkong belu,197,5.8,2.2,9,0.0,3.0,4
tumis kangkung belu,385,2.0,9.2,15,0.0,2.2,4
tumis selada air belu,816,0.8,22.1,4,0.0,0.4,3
tumis kacang panjang belu,88,2.8,1.1,1,0.0,0.7,4
tumis selada air kangkung,222,1.5,5.1,7,0.0,0.9,4
tumis sawi,117,1.6,2.1,12,0.0,1.7,4
tumis terong belu,100,5.7,0.2,3,0.0,0.7,4
blusdru,84,4.3,0.3,1,0.0,0.9,4
uceng,351,15.6,0.2,3,0.0,5.4,4
waluh kuning mentah,84,4.4,0.3,1,0.0,0.5,4
waluh beligo,84,4.3,0.3,1,0.0,0.9,4
buncis mentah,146,7.9,0.3,3,0.0,1.9,4
bunga bawang merah,88,5.0,0.7,6,0.0,1.2,4
bunga krandan,88,5.0,0.7,6,0.0,1.2,4
cabe merah,113,5.8,0.3,15,0.0,1.0,4
cabe rawit,1331,56.6,17.3,30,0.0,12.0,2
cesim,63,2.1,0.2,16,0.0,2.3,4
curing / kenikir,84,4.4,0.2,29,0.0,1.1,4
daun bawang,88,5.0,0.7,6,0.0,1.2,4
daun bawang merah,88,5.0,0.7,6,0.0,1.2,4
daun beluntas mentah,84,4.4,0.2,29,0.0,1.1,4
daun gambas mentah,155,7.3,0.2,11,0.0,3.7,4
daun jambu mete muda,155,7.3,0.2,11,0.0,3.7,4
daun kacang panjang,155,7.3,0.2,11,0.0,3.7,4
daun katuk mentah,251,11.2,0.9,9,0.0,5.3,4
daun kecipir mentah,63,2.1,0.2,16,0.0,2.3,4
daun kelor mentah,251,11.2,0.9,9,0.0,5.3,4
daun kemangi mentah,88,5.0,0.7,6,0.0,1.2,4
daun koro,63,2.1,0.2,16,0.0,2.3,4
daun labu siam mentah,63,2.1,0.2,16,0.0,2.3,4
daun labu waluh mentah,63,2.1,0.2,16,0.0,2.3,4
daun lompong,155,7.3,0.2,11,0.0,3.7,4
daun mangkokan mentah,63,2.1,0.2,16,0.0,2.3,4
daun melinjo mentah,155,7.3,0.2,11,0.0,3.7,4
daun pepaya,251,11.2,0.9,9,0.0,5.3,4
daun singgrang,84,4.4,0.2,29,0.0,1.1,4
daun singkong mentah,155,7.3,0.2,11,0.0,3.7,4
daun tales,155,7.3,0.2,11,0.0,3.7,4
daun tlepok,63,2.1,0.2,16,0.0,2.3,4
daun ubi jalar,63,2.1,0.2,16,0.0,2.3,4
gambas / oyong mentah,84,4.3,0.3,1,0.0,0.9,4
genjer / bengok,88,5.0,0.7,6,0.0,1.2,4
gundho,63,2.1,0.2,16,0.0,2.3,4
jamur coklat mentah,113,5.1,0.5,2,0.0,2.2,4
jamur kuping segar,113,5.1,0.5,2,0.0,2.2,4
jamur putih mentah,113,5.1,0.5,2,0.0,2.2,4
jamur so,113,5.1,0.5,2,0.0,2.2,4
jantung pisang segar,88,5.0,0.7,6,0.0,1.2,4
kangkung,63,2.1,0.2,16,0.0,2.3,4
kangkung mentah,63,2.1,0.2,16,0.0,2.3,4
kembang kool mentah,105,5.4,0.3,18,0.0,1.4,4
kembang turi mentah,88,5.0,0.7,6,0.0,1.2,4
ketimun mentah,54,2.8,0.1,2,0.0,0.7,4
kool merah / putih mentah,92,4.5,0.4,8,0.0,1.0,4
krai / mentimun,54,2.8,0.1,2,0.0,0.7,4
kuah daging ayam belu,310,0.0,4.9,19,21.0,7.0,4
kuah oseng bayam belu,88,0.5,2.0,4,0.0,0.5,4
kuah sayur kangkung belu,21,0.7,0.1,5,0.0,0.8,4
kuah sayur sawi belu,29,1.1,0.1,6,0.0,0.8,4
labu air mentah,84,4.3,0.3,1,0.0,0.9,4
labu kuning,163,8.8,0.6,1,0.0,0.9,4
labu siam mentah,84,4.3,0.3,1,0.0,0.9,4
lobak mentah,54,2.8,0.1,2,0.0,0.7,4
lompong pari mentah,63,2.1,0.2,16,0.0,2.3,4
loncang,88,5.0,0.7,6,0.0,1.2,4
pare pahit mentah,84,4.3,0.3,1,0.0,0.9,4
pare ulo mentah,84,4.3,0.3,1,0.0,0.9,4
pepes jamur,113,5.1,0.5,2,0.0,2.2,4
rebung mentah,54,2.1,0.2,9,0.0,1.0,4
rebus daun lettuce belu,1226,62.1,2.9,30,0.0,6.7,3
rebus daun singkong belu,33,1.6,0.0,2,0.0,0.8,4
sambal tomat belu,259,4.9,4.9,8,0.0,1.0,4
sambal tomato and daging kuda belu,234,2.3,1.7,20,17.0,8.0,4
santan daun ubu /campur daun pepaya bel,121,3.5,1.4,5,0.0,1.6,4
sate kentang,389,21.6,0.1,5,0.0,2.0,3
sawi hijau,63,2.1,0.2,16,0.0,2.3,4
sawi putih mentah,63,2.1,0.2,16,0.0,2.3,4
sayur asem,205,5.7,2.7,5,0.0,1.8,4
sayur bayam,50,1.9,0.2,35,0.0,1.5,4
sayur bayam jagung,155,8.3,0.5,19,0.0,1.6,4
sayur bayam wortel,79,4.1,0.1,35,0.0,1.0,4
sayur bening campur,138,7.5,0.3,24,0.0,1.2,4
sayur buah kelor,105,6.3,0.2,2,0.0,0.3,4
sayur caisin,46,2.3,0.2,4,0.0,0.5,4
sayur cokka-cokka,46,2.3,0.2,4,0.0,0.5,4
sayur daun kelor,33,1.1,0.1,8,0.0,1.2,4
sayur daun singkong,259,3.7,5.1,6,0.0,1.9,4
sayur gambas,126,7.7,0.2,0,0.0,0.1,4
sayur gulai daging,1230,3.4,23.3,39,61.0,17.6,2
sayur jantung pisang belu,46,2.5,0.4,3,0.0,0.6,4
sayur kangkung,46,1.5,0.1,11,0.0,1.6,4
sayur katuk,50,1.7,0.2,12,0.0,1.7,4
sayur labu,59,2.3,0.5,1,0.0,0.5,4
sayur lodeh,234,6.0,3.4,5,0.0,1.9,4
sayur nangka belu,276,8.7,3.5,4,0.0,1.3,4
sayur sop,435,10.5,7.0,28,0.0,1.8,4
sayur sop daging cincang wortel,276,5.8,1.7,22,14.0,6.5,4
sayur sop macaroni,531,10.5,7.0,16,8.0,6.5,4
sayur soun,406,7.2,6.4,3,0.0,4.0,4
selada air mentah,155,7.3,0.2,11,0.0,3.7,4
selada mentah,54,2.1,0.2,9,0.0,1.0,4
seledri,54,2.1,0.2,9,0.0,1.0,4
semur kentang,494,15.4,2.3,26,21.0,8.9,4
sup a,1255,0.5,0.5,0,0.0,10.0,4
sup b,1464,0.4,0.4,0,0.0,5.0,4
telur ceplok,799,1.0,15.1,118,403.0,12.0,2
telur dadar,782,1.2,14.7,114,382.0,11.5,2
telur goreng,799,1.0,15.1,118,403.0,12.0,2
telur asin,649,1.1,10.6,124,424.0,12.6,2
telur ayam,649,1.1,10.6,124,424.0,12.6,2
telur ayam bagian kuning,1163,2.3,20.7,219,1326.0,19.2,1
telur burung sawah,774,1.5,13.8,146,884.0,12.8,2
telur ayam bagian putih,209,1.0,0.0,164,0.0,10.5,4
telur itik dadar,1134,1.5,23.8,146,884.0,12.8,2
telur itik bagian putih,209,1.0,0.0,164,0.0,10.5,4
telur ikan,682,0.8,8.4,108,463.0,19.8,3
telur itik / bebek mentah,774,1.5,13.8,146,884.0,12.8,2
telur itik bagian kuning,2356,3.0,49.5,352,1824.0,25.7,1
telur puyuh,774,1.5,13.8,146,884.0,12.8,2
telur penyu,649,1.1,10.6,124,424.0,12.6,2
telur merpati,774,1.5,13.8,146,884.0,12.8,2
telur puyuh,774,1.5,13.8,146,884.0,12.8,2
telur menthok,774,1.5,13.8,146,884.0,12.8,2
telur orak arik,711,2.4,13.3,92,298.0,10.4,2
tepung susu,1941,51.6,19.0,320,25.0,21.6,1
tepung susu neslac 2,1941,51.6,19.0,320,25.0,21.6,1
tepung susu sgm 2,1941,51.6,19.0,320,25.0,21.6,1
tepung susu skim,1540,51.5,2.1,546,21.0,35.7,2
tepung susu lactona 2,1941,51.6,19.0,320,25.0,21.6,1
tepung susu asam,2109,37.6,28.6,399,109.0,25.6,0
minuman susu ultra / ultra milk,276,4.8,3.9,55,14.0,3.2,4
sayur telur,632,2.7,10.5,107,360.0,11.1,2
susu kambing,289,4.5,4.1,50,11.0,3.6,4
susu kental manis,1339,54.5,8.7,122,33.0,7.8,3
susu sapi,276,4.8,3.9,55,14.0,3.2,4
susu segar,276,4.8,3.9,55,14.0,3.2,4
susu skim / tak berlemak cair,146,4.9,0.2,52,2.0,3.4,4
abon,1318,0.0,8.9,118,131.0,55.1,3
ampal,1146,2.0,21.5,55,75.0,18.2,2
ati ayam,657,0.9,5.5,51,631.0,24.4,3
ayam,1192,0.0,18.9,73,79.0,26.9,2
babat,347,0.0,2.4,31,35.0,14.5,4
bakso bihun,1548,0.1,29.9,55,104.0,23.5,2
bakso pentol,1548,0.1,29.9,55,104.0,23.5,2
usus menthok,393,0.0,3.8,30,35.0,14.1,4
uthi-uthi mentah,1146,2.0,21.5,55,75.0,18.2,2
usus ayam,393,0.0,3.8,30,35.0,14.1,4
usus itik,393,0.0,3.8,30,35.0,14.1,4
buras,1192,0.0,18.9,73,79.0,26.9,2
buras daging kentang,2071,10.8,50.0,3,34.0,1.0,3
corned beef,1125,0.0,18.0,1215,75.0,24.9,1
daging ayam,1192,0.0,18.9,73,79.0,26.9,2
daging ayam bagian kaki,845,0.0,17.0,35,50.0,11.4,2
daging ayam bagian kepala,619,0.0,9.8,38,41.0,14.0,4
daging ayam bagian paha,895,0.0,14.2,55,59.0,20.2,2
daging ayam bagian sayap,619,0.0,9.8,38,41.0,14.0,4
daging biawak mentah,548,0.0,1.8,56,61.0,26.8,3
daging blekok / kuntul,1410,0.0,28.4,59,84.0,19.0,2
daging burung bagian kepala,619,0.0,9.8,38,41.0,14.0,4
daging burung mentah,1410,0.0,28.4,59,84.0,19.0,2
daging domba,1125,0.0,18.0,53,75.0,24.9,2
daging itik bagian kepala,732,0.0,14.8,31,44.0,9.9,3
daging itik bagian paha,1059,0.0,21.3,44,63.0,14.3,2
daging itik bagian sayap,732,0.0,14.8,31,44.0,9.9,3
daging itik/bebek,1410,0.0,28.4,59,84.0,19.0,2
daging kambing,1125,0.0,18.0,53,75.0,24.9,2
daging kelelawar,1125,0.0,18.0,53,75.0,24.9,2
daging kerbau,548,0.0,1.8,56,61.0,26.8,3
daging menthok,1410,0.0,28.4,59,84.0,19.0,2
daging menthok bagian kaki,1410,0.0,28.4,59,84.0,19.0,2
daging menthok bagian kepala,732,0.0,14.8,31,44.0,9.9,3
daging menthok bagian sayap,732,0.0,14.8,31,44.0,9.9,3
daging merpati,870,0.0,9.7,68,82.0,28.1,3
daging puyuh,870,0.0,9.7,68,82.0,28.1,3
daging sapi,1125,0.0,18.0,53,75.0,24.9,2
daging tupai,695,0.0,4.7,62,69.0,29.0,3
dendeng sapi,4506,0.0,70.7,220,305.0,103.3,1
dideh ayam,607,0.0,4.2,57,347.0,25.1,3
dideh itik,485,0.0,3.4,46,278.0,20.1,3
dideh kambing,485,0.0,3.4,46,278.0,20.1,3
dideh kerbau,485,0.0,3.4,46,278.0,20.1,3
dideh sapi,607,0.0,4.2,57,347.0,25.1,3
hati ayam,657,0.9,5.5,51,631.0,24.4,3
hati biawak,674,3.4,4.9,70,389.0,24.4,3
hati burung,657,0.9,5.5,51,631.0,24.4,3
hati itik,657,0.9,5.5,51,631.0,24.4,3
hati itik bacem,657,0.9,5.5,51,631.0,24.4,3
hati kerbau,674,3.4,4.9,70,389.0,24.4,3
hati menthok,657,0.9,5.5,51,631.0,24.4,3
hati merpati,657,0.9,5.5,51,631.0,24.4,3
hati sapi,674,3.4,4.9,70,389.0,24.4,3
iso sapi mentah usus,393,0.0,3.8,30,35.0,14.1,4
jangkrik,1146,2.0,21.5,55,75.0,18.2,2
jantung ayam mentah,695,0.0,4.7,62,69.0,29.0,3
jantung itik,695,0.0,4.7,62,69.0,29.0,3
jantung menthok,695,0.0,4.7,62,69.0,29.0,3
jantung merpati,695,0.0,4.7,62,69.0,29.0,3
jerohan ayam,393,0.0,3.8,30,35.0,14.1,4
jerohan menthok,393,0.0,3.8,30,35.0,14.1,4
kaldu ayam,33,0.8,0.3,560,0.0,0.5,3
kikil kambing mentah,293,0.0,4.7,14,20.0,6.5,4
kodok hijau,410,0.0,1.4,42,46.0,20.1,4
kuah daging kambing belu,63,0.0,1.2,2,3.0,1.0,4
kulit daging itik,1410,0.0,28.4,59,84.0,19.0,2
laron,1146,2.0,21.5,55,75.0,18.2,2
limfa ayam,607,0.0,4.2,57,347.0,25.1,3
limfa sapi,607,0.0,4.2,57,347.0,25.1,3
otak,669,0.0,12.5,120,2054.0,11.1,2
otak ayam,669,0.0,12.5,120,2054.0,11.1,2
rambak mentah,1594,0.0,30.9,51,87.0,24.1,2
rempelo ayam,695,0.0,4.7,62,69.0,29.0,3
rempelo burung,695,0.0,4.7,62,69.0,29.0,3
rempelo itik,695,0.0,4.7,62,69.0,29.0,3
rempelo menthok,695,0.0,4.7,62,69.0,29.0,3
rempelo merpati,695,0.0,4.7,62,69.0,29.0,3
sate ayam,1314,0.0,23.0,69,75.0,25.6,2
sate cekek,1695,0.0,34.4,48,83.0,22.9,2
sayur sop ayam,301,3.4,3.8,23,16.0,5.9,4
semur daging,925,15.5,16.2,13,0.0,11.1,3
semur daging ayam belu,1920,0.0,47.6,29,32.0,10.8,3
tawon muda (kangsen),1192,8.0,21.0,13,71.0,15.0,2
baso somay,870,45.7,0.4,6,4.0,3.7,3
bedhek,243,2.5,1.5,125,19.0,8.1,4
belut segar mentah,469,0.0,2.3,55,33.0,21.4,4
telur ikan lele,682,0.8,8.4,108,463.0,19.8,3
telur ikan kating,682,0.8,8.4,108,463.0,19.8,3
telur ikan gabus,682,0.8,8.4,108,463.0,19.8,3
telur ikan luthok mentah,682,0.8,8.4,108,463.0,19.8,3
telur ikan bethik mentah,682,0.8,8.4,108,463.0,19.8,3
tepung ikan teri,1569,0.0,10.5,349,64.0,65.6,1
terasi merah,439,0.0,2.9,824,72.0,18.5,2
tumis ikan teri,423,0.0,4.3,40,58.0,14.8,3
undur-undur,222,0.0,0.5,39,28.0,11.4,4
udang segar,331,0.0,0.9,179,156.0,16.7,3
udang kering,1280,0.0,2.5,227,160.0,66.4,2
cakalang,439,0.0,2.9,50,72.0,18.5,3
cumi-cumi segar,615,5.0,2.2,70,373.0,25.0,3
hati ikan bojor,657,0.9,5.5,51,631.0,24.4,3
ikan asin belanak,1025,0.0,2.0,2893,128.0,53.1,2
ikan asin bilis,1025,0.0,2.0,2893,128.0,53.1,2
ikan asin gabus,1025,0.0,2.0,2893,128.0,53.1,2
ikan asin goreng,678,0.0,12.0,35,50.0,13.0,2
ikan asin japuh,665,0.0,10.4,2072,40.0,16.3,2
ikan asin juwi,1025,0.0,2.0,2893,128.0,53.1,2
ikan asin kacangan,351,0.0,0.7,1998,44.0,18.2,3
ikan asin kembung,469,0.0,2.3,1991,33.0,21.4,3
ikan asin kering,1280,0.0,2.5,2938,160.0,66.4,2
ikan asin layur,351,0.0,0.7,1998,44.0,18.2,3
ikan asin pari,351,0.0,0.7,62,44.0,18.2,4
ikan asin pepetek,351,0.0,2.3,1976,58.0,14.8,2
ikan asin selar,678,0.0,7.2,2774,84.0,22.9,2
ikan asin serinding,351,0.0,0.7,1998,44.0,18.2,3
ikan asin terbang,351,0.0,0.7,1998,44.0,18.2,3
ikan asin teri,1402,0.0,9.4,1861,57.0,58.6,2
ikan asin terongan,1025,0.0,2.0,2893,128.0,53.1,2
ikan asin wader / memreng,1025,0.0,2.0,2893,128.0,53.1,2
ikan awu-awu bakar,310,0.0,2.0,35,50.0,13.0,3
ikan baleng segar,469,0.0,2.3,55,33.0,21.4,4
ikan bambangan,439,0.0,0.9,78,55.0,22.8,3
ikan bandeng,351,0.0,2.3,40,58.0,14.8,3
ikan banyara goreng,678,0.0,12.0,35,50.0,13.0,2
ikan banyara sedang mentah,222,0.0,1.5,25,36.0,9.3,4
ikan bawal,351,0.0,0.7,62,44.0,18.2,4
ikan belanak,351,0.0,2.3,40,58.0,14.8,3
ikan bethik,351,0.0,0.7,62,44.0,18.2,4
ikan bojor segar,351,0.0,0.7,62,44.0,18.2,4
ikan boso mentah,469,0.0,2.3,55,33.0,21.4,4
ikan cepa-cepa goreng,678,0.0,12.0,35,50.0,13.0,2
ikan cue,310,0.0,2.0,35,50.0,13.0,3
ikan cumi basah goreng,1138,12.6,12.3,71,373.0,26.0,2
ikan dares mentah,469,0.0,2.3,55,33.0,21.4,4
ikan gabus kering,1025,0.0,2.0,182,128.0,53.1,3
ikan gabus segar,351,0.0,0.7,62,44.0,18.2,4
ikan goreng,669,0.0,12.0,35,50.0,13.0,2
ikan hiu,586,0.0,2.9,69,41.0,26.7,4
ikan jempol,586,0.0,2.9,69,41.0,26.7,4
ikan juwi,222,0.0,0.5,39,28.0,11.4,4
ikan kacangan,351,0.0,0.7,62,44.0,18.2,4
ikan kacap,1059,0.3,22.0,314,50.0,13.5,1
ikan kakap,351,0.0,0.7,62,44.0,18.2,4
ikan kating,665,0.0,10.4,136,40.0,16.3,3
ikan kembung,469,0.0,2.3,55,33.0,21.4,4
ikan kembung goreng,845,0.0,15.0,44,59.0,16.0,2
ikan kiper mentah,351,0.0,2.3,40,58.0,14.8,3
ikan kuah rebus belu,222,0.0,1.5,25,36.0,9.3,4
ikan lawes,351,0.0,2.3,40,58.0,14.8,3
ikan layang,343,0.0,0.7,61,43.0,17.8,4
ikan lele,351,0.0,2.3,40,58.0,14.8,3
ikan lele dumbo,665,0.0,10.4,136,40.0,16.3,3
ikan lemuru,469,0.0,2.3,55,33.0,21.4,4
ikan lukas mentah,586,0.0,2.9,69,41.0,26.7,4
ikan luthok,665,0.0,10.4,136,40.0,16.3,3
ikan mas bumbu kuning,912,2.9,15.7,47,59.0,16.7,2
ikan mas goreng,845,0.0,15.0,44,59.0,16.0,2
ikan mas pepes,339,0.0,3.6,32,42.0,11.5,4
ikan mas segar,544,0.0,5.8,50,67.0,18.3,3
ikan merah kecil,1770,0.0,19.4,312,57.0,58.6,1
ikan moto botor,469,0.0,2.3,55,33.0,21.4,4
ikan mujair dendeng mentah,1402,0.0,9.4,312,57.0,58.6,2
ikan mujair segar,351,0.0,0.7,62,44.0,18.2,4
ikan muntreng segar,469,0.0,2.3,55,33.0,21.4,4
ikan pe,222,0.0,1.5,25,36.0,9.3,4
ikan peda asin banjar,469,0.0,2.3,1991,33.0,21.4,3
ikan peda banjar,469,0.0,2.3,1991,33.0,21.4,3
ikan pepetek,351,0.0,2.3,40,58.0,14.8,3
ikan pindang banjar,469,0.0,2.3,1991,33.0,21.4,3
ikan pindang benggol,439,0.0,0.9,2789,55.0,22.8,2
ikan pindang juwi,469,0.0,2.3,1991,33.0,21.4,3
ikan pindang kembung,586,0.0,2.9,1618,41.0,26.7,3
ikan pindang layang,439,0.0,0.9,2789,55.0,22.8,2
ikan pindang layang goreng,1159,0.0,20.9,2789,55.0,22.8,1
ikan pindang selar kecil,586,0.0,2.9,69,41.0,26.7,4
ikan rebon kering,1280,0.0,2.5,227,160.0,66.4,2
ikan rebon segar,331,0.0,0.9,179,156.0,16.7,3
ikan salem segar,351,0.0,0.7,62,44.0,18.2,4
ikan sasi segar,293,0.0,1.5,35,21.0,13.4,4
ikan segar,410,0.0,2.4,48,45.0,18.1,4
ikan selar kering,678,0.0,7.2,63,84.0,22.9,3
ikan selar segar,469,0.0,2.3,55,33.0,21.4,4
ikan sepat kering,1046,0.0,13.8,780,170.0,29.5,1
ikan sepat segar,544,0.0,5.8,50,67.0,18.3,3
ikan sidat,791,0.0,12.0,52,129.0,19.0,2
ikan surung,351,0.0,0.7,62,44.0,18.2,4
ikan tawes/ bader,665,0.0,10.4,136,40.0,16.3,3
ikan tempel mentah,351,0.0,2.3,40,58.0,14.8,3
ikan tengiri,469,0.0,2.3,55,33.0,21.4,4
ikan teri asin kering,1402,0.0,9.4,3023,57.0,58.6,2
ikan teri bubuk,1569,0.0,10.5,349,64.0,65.6,1
ikan teri goreng belu,1761,0.0,19.4,312,57.0,58.6,1
ikan teri nasi kering,1402,0.0,9.4,312,57.0,58.6,2
ikan teri segar,469,0.0,2.3,55,33.0,21.4,4
ikan teri tawar kering,1402,0.0,9.4,312,57.0,58.6,2
ikan terongan,469,0.0,2.3,55,33.0,21.4,4
ikan tongkol,464,0.0,1.0,38,46.0,24.0,4
ikan tongkol pindang,464,0.0,1.0,1974,46.0,24.0,3
ikan wader,351,0.0,2.3,40,58.0,14.8,3
ikan wedok,665,0.0,10.4,136,40.0,16.3,3
ikan wedok kering,1121,0.0,7.5,250,46.0,46.9,3
kepiting air tawar / yuyu,377,0.0,2.0,166,153.0,16.9,3
kepiting laut,364,1.2,1.3,177,145.0,16.5,3
kerang,431,4.4,2.7,221,34.0,14.3,3
samba goreng sarden belu,205,1.7,3.7,24,6.0,2.8,4
sardines,1427,0.0,26.5,650,142.0,24.6,1
sayur tude,556,0.4,5.8,54,67.0,18.8,3
gajih ayam,3766,0.0,99.8,0,85.0,0.0,2
gajih sapi,3774,0.0,100.0,0,109.0,0.0,2
kethak,3607,0.0,100.0,0,0.0,0.0,3
lemak kerbau,3586,0.0,95.0,0,104.0,0.0,2
margarin,2661,0.0,72.0,0,0.0,0.0,3
mentega,2971,0.0,80.6,221,207.0,0.2,1
minyak gajih,3586,0.0,95.0,0,104.0,0.0,2
minyak ikan,3766,0.0,99.8,0,85.0,0.0,2
minyak kacang tanah,3699,0.0,100.0,0,0.0,0.0,3
minyak kelapa,3607,0.0,100.0,0,0.0,0.0,3
minyak kelapa sawit,3607,0.0,100.0,0,0.0,0.0,3
minyak sayur (indomie dll),3607,0.0,100.0,0,0.0,0.0,3
minyak wijen,3699,0.0,100.0,0,0.0,0.0,3
santan,297,3.0,6.7,4,0.0,0.7,4
agar agar 1 with coconut milk,644,25.5,6.0,240,0.0,2.5,2
agar agar 2 without coconut milk,406,23.1,0.6,236,0.0,1.9,2
agar inaco with coconut milk,1222,25.5,22.0,240,0.0,2.5,1
dhelco coklat stick,92,3.4,0.9,0,0.0,0.3,4
es mambo/es lilin,293,18.0,0.0,0,0.0,0.0,4
gula aren,1544,94.2,0.0,38,0.0,0.6,3
gula batu,1619,99.9,0.0,1,0.0,0.0,3
gula kelapa,1460,84.7,0.1,34,0.0,2.3,3
gula merah tebu belum dimurnikan,1573,97.3,0.0,39,0.0,0.0,3
gula pasir,1619,99.9,0.0,1,0.0,0.0,3
gula supra,1619,99.9,0.0,1,0.0,0.0,3
kethak + gula,929,34.6,10.1,6,0.0,1.0,2
madu,1272,82.4,0.0,4,0.0,0.3,3
meises,1996,63.4,29.7,11,0.0,4.2,2
miki jelly,644,25.5,6.0,240,0.0,2.5,2
mutiara,1460,84.7,0.1,34,0.0,2.3,3
permen,1619,99.9,0.0,1,0.0,0.0,3
setrup / sirup,895,55.5,0.0,22,0.0,0.0,3
tebu,109,6.8,0.0,3,0.0,0.0,4
adonan kopi + gula pasir,1494,90.3,0.0,49,0.0,1.6,3
air gula - belu,33,2.0,0.0,0,0.0,0.0,4
teh manis belu,54,3.4,0.0,3,0.0,0.0,4
daun cincau,138,5.3,0.5,23,0.0,2.5,4
gula kopi,1494,90.3,0.0,49,0.0,1.6,3
jamu,4,0.1,0.0,0,0.0,0.1,4
jus alpukat susu,397,13.0,4.8,16,4.0,1.3,4
jus anggur,222,13.8,0.1,0,0.0,0.1,4
jus jeruk pepaya,213,13.0,0.0,1,0.0,0.2,4
jus jeruk peras,347,21.8,0.1,1,0.0,0.2,3
jus mannga,230,14.2,0.1,1,0.0,0.1,4
jus melon,197,12.1,0.1,2,0.0,0.2,4
jus papaya,201,12.4,0.0,1,0.0,0.2,4
kopi (powder),540,25.8,0.0,194,0.0,6.5,3
kopi bagian yang larut,837,40.0,0.0,300,0.0,10.0,2
larutan gula and salt,79,5.0,0.0,0,0.0,0.0,4
larutan oralit,79,5.0,0.0,0,0.0,0.0,4
legen aren,155,9.4,0.0,4,0.0,0.1,4
legen kelapa,146,8.5,0.0,3,0.0,0.2,4
lemonade,176,10.9,0.0,0,0.0,0.1,4
minuman anggur,293,1.4,0.0,8,0.0,0.2,4
minuman buah vita,243,15.0,0.0,0,0.0,0.0,4
minuman go go strawbery,243,15.0,0.0,0,0.0,0.0,4
sprite fanta coca cola dll,172,10.4,0.0,4,0.0,0.0,4
susu milo/ milo choklat,1619,65.8,9.5,160,13.0,10.8,3
susu sgm (belu),79,2.1,0.8,13,1.0,0.9,4
teh,209,10.0,0.0,150,0.0,0.0,4
teh cap bunga mawar,209,10.0,0.0,150,0.0,0.0,4
teh kotak,209,10.0,0.0,150,0.0,0.0,4
teh kotak,209,10.0,0.0,150,0.0,0.0,4
teh manis,54,3.2,0.0,3,0.0,0.0,4
aci tusuk,1519,39.2,20.5,1,0.0,5.3,2
agar-agar,0,0.0,0.0,0,0.0,0.0,4
arafik,2205,59.7,30.3,4,0.0,3.0,2
bakpau daging,1042,36.3,6.7,434,13.0,9.8,2
bakso daging sapi,1548,0.1,29.9,55,104.0,23.5,2
baso,1548,0.1,29.9,55,104.0,23.5,2
baso goreng,1720,0.0,35.2,51,95.0,22.2,2
baso kojak,812,38.4,1.4,3,3.0,5.9,3
batagor,636,1.4,11.3,18,22.0,12.1,3
bawang goreng,1519,39.2,20.5,1,0.0,5.3,2
bika ambon,1071,38.9,8.0,78,398.0,7.8,2
biscuit,2121,78.0,17.5,101,25.0,10.4,2
biscuit astor,1870,73.7,14.0,51,13.0,7.5,2
biscuit barry sandwich,1870,73.6,14.0,51,13.0,7.5,2
biscuit big royal,1803,78.6,10.0,51,13.0,7.5,2
biscuit big royal,1803,78.6,10.0,51,13.0,7.5,2
biscuit bola bola,1870,73.6,14.0,51,13.0,7.5,2
biscuit coklat burbon,1870,73.6,14.0,51,13.0,7.5,2
biscuit coklat togo,1280,63.8,2.6,1,0.0,6.2,3
biscuit crackers konghuan,1870,73.6,14.0,51,13.0,7.5,2
biscuit cripsy crackers,1870,73.6,14.0,51,13.0,7.5,2
biscuit famela,1870,73.6,14.0,51,13.0,7.5,2
biscuit farley,1803,78.6,10.0,51,13.0,7.5,2
biscuit gabin special selecta (mentega.,1870,73.6,14.0,51,13.0,7.5,2
biscuit gem bunga (terigu. gula. tapiok,1870,73.6,14.0,51,13.0,7.5,2
biscuit gloria,1870,73.6,14.0,51,13.0,7.5,2
biscuit helti,1870,73.6,14.0,51,13.0,7.5,2
biscuit interbis,1870,73.6,14.0,51,13.0,7.5,2
biscuit isi kagang,2067,57.7,24.3,55,13.0,14.0,2
biscuit kacang,2067,57.7,24.3,55,13.0,14.0,2
biscuit kering/ bolu kering,866,42.9,2.0,22,72.0,4.4,2
biscuit london,1870,73.6,14.0,51,13.0,7.5,2
biscuit malkist crackers (tepung terigu,1870,73.6,14.0,51,13.0,7.5,2
biscuit marie cba (tepung terigu. gula.,1870,73.6,14.0,51,13.0,7.5,2
biscuit marie susu,1803,78.6,10.0,51,13.0,7.5,2
biscuit mari-mari (tepung jagung. tepun,1490,80.7,3.4,15,0.0,3.2,3
biscuit mentega rp. 100,2092,66.6,23.0,51,13.0,7.5,2
biscuit milna,1803,78.6,10.0,51,13.0,7.5,2
biscuit monde,1870,73.6,14.0,51,13.0,7.5,2
biscuit panda-pandaan/bolu pangang,1075,30.1,10.5,23,26.0,9.6,2
biscuit permen,3799,78.6,64.0,51,13.0,7.5,2
biscuit piramid,1870,73.6,14.0,51,13.0,7.5,2
biscuit queen sandwich (terigu. gula. m,1870,73.6,14.0,51,13.0,7.5,2
biscuit regal,1803,78.6,10.0,51,13.0,7.5,2
biscuit regal marie,1803,78.6,10.0,51,13.0,7.5,2
biscuit roma,1803,78.6,10.0,51,13.0,7.5,2
biscuit sitaba,1870,73.6,14.0,51,13.0,7.5,2
biscuit stick,1803,78.6,10.0,51,13.0,7.5,2
tempe goreng,1481,15.3,26.9,5,0.0,17.1,3
tempe bacem,992,17.6,15.0,5,0.0,10.8,3
tempe oreg/sayur tempe/sambal tempe,418,8.6,3.9,4,0.0,9.6,4
biscuit sun,1870,73.6,14.0,51,13.0,7.5,2
biscuit susana,1870,73.6,14.0,51,13.0,7.5,2
biscuit tini wini biti,2335,51.0,38.4,656,0.0,5.9,1
ubi goreng,774,40.8,2.6,3,0.0,1.2,3
brondong,2247,61.5,30.9,28,0.0,6.5,2
uli goreng,1678,40.9,26.1,8,0.0,1.8,2
uli kukus,787,35.5,4.2,3,0.0,2.2,3
wafer coklat kero-kero rp.50 (terigu. g,1280,63.8,2.6,1,0.0,6.2,3
wafer,1280,63.8,2.6,1,0.0,6.2,3
vetsin,1439,0.0,0.0,13464,0.0,86.0,3
wafer coklat pyramid,1280,63.8,2.6,1,0.0,6.2,3
buah pala,1092,79.8,3.2,26,0.0,3.9,3
vanilli,293,1.4,0.0,8,0.0,0.2,4
wafer interbis,1280,63.8,2.6,1,0.0,6.2,3
wajik,787,35.5,4.2,3,0.0,2.2,3
wingka/wingko,787,35.5,4.2,3,0.0,2.2,3
bumbu sari mie indomie dll,1360,58.2,13.8,52,0.0,12.7,2
cake,866,42.9,2.0,22,72.0,4.4,2
cake wanderpan,866,42.9,2.0,22,72.0,4.4,2
camel roll stick,92,3.4,0.9,0,0.0,0.3,4
candy mentos mint,1619,99.9,0.0,1,0.0,0.0,3
cantel,1678,40.9,26.1,8,0.0,1.8,2
cendil/ondal-andil/cendol,318,18.3,0.0,2,0.0,0.1,4
cheetos,2096,62.1,25.7,3,0.0,6.0,2
chiki,2134,62.9,25.5,0,0.0,5.9,2
chiki balls/ boom snack/ guntar snack,2134,62.9,25.5,0,0.0,5.9,2
choki choki,92,3.4,0.9,0,0.0,0.3,4
choklat,1996,63.4,29.7,11,0.0,4.2,2
choklat eclair,1230,53.1,5.7,549,0.0,8.3,2
choklat jelly,92,3.4,0.9,0,0.0,0.3,4
cilok,1071,38.9,8.0,78,398.0,7.8,2
cincau,4,0.2,0.0,3,0.0,0.0,4
cingloy,908,28.9,8.0,78,398.0,7.8,2
cireng,1519,39.2,20.5,1,0.0,5.3,2
cireng/bakwan,2259,39.2,40.5,1,0.0,5.3,2
coconut milk with kluwih muda belu,364,15.1,3.5,3,0.0,0.9,4
coklat,1996,63.4,29.7,11,0.0,4.2,2
coklat beng beng,2092,66.6,23.0,51,13.0,7.5,2
coklat cha-cha,2092,66.6,23.0,51,13.0,7.5,2
corn bose and kacang tanah,661,8.5,12.0,6,0.0,6.7,3
cucur,1678,40.9,26.1,8,0.0,1.8,2
daging ayam goreng,1389,3.7,23.1,70,75.0,26.2,2
daging babi goreng,1264,0.0,21.3,59,86.0,26.2,2
daging sapi rebus,1879,22.2,29.8,49,83.0,23.8,1
daging telur,1121,0.6,20.8,88,256.0,18.4,2
dodol garut,787,35.5,4.2,3,0.0,2.2,3
dodol mannga,757,34.1,4.2,3,0.0,2.1,3
dodongkal,787,35.5,4.2,3,0.0,2.2,3
donat,1674,46.3,21.8,20,36.0,5.2,2
donat,1674,46.3,21.8,20,36.0,5.2,2
emping melinjo mentah,1389,64.5,2.0,5,0.0,15.4,3
empon,1360,58.2,13.8,52,0.0,12.7,2
es cuwing,234,12.5,0.2,24,0.0,2.9,4
es dawet/cendol,126,6.1,0.7,1,0.0,0.1,4
es krim solo,820,24.8,9.9,72,29.0,3.2,3
es krim walls,820,24.8,9.9,72,29.0,3.2,3
es miami,163,10.0,0.0,0,0.0,0.0,4
es nong nong,201,9.1,1.2,3,0.0,0.6,4
fruittella,1456,89.9,0.0,1,0.0,0.0,3
fuji mie/mi instan/tiga putra,590,28.3,0.7,1,0.0,4.8,3
fujimie (terigu. tapioka. garam. gula.,2096,62.1,25.7,3,0.0,6.0,2
garam,0,0.0,0.0,38724,0.0,0.0,3
garam kasar,0,0.0,0.0,38724,0.0,0.0,3
geblek pati,2021,63.8,25.6,4,0.0,2.2,2
geblog ubi,941,41.6,6.9,13,0.0,1.3,3
gembong/jalabia,1678,40.9,26.1,8,0.0,1.8,2
getuk,774,40.9,2.6,3,0.0,1.2,3
getuk tiwul,3406,62.0,59.1,24,0.0,21.3,2
gulai daging kambing belu,958,0.6,15.7,43,60.0,20.1,2
gulasakarin,0,0.0,0.0,0,0.0,0.0,4
hallo boy (terigu. tapioka. udang wijen,2096,62.1,25.7,3,0.0,6.0,2
halus manis,1619,99.9,0.0,1,0.0,0.0,3
hati ayam rebus belu,657,0.9,5.5,51,631.0,24.4,3
hunkwe,213,9.4,1.6,117,0.0,1.0,4
jagung rebus campur kagang hijau belu,67,3.6,0.2,2,0.0,0.6,4
jahe,276,15.3,0.3,5,0.0,2.1,4
jalabia,787,35.5,4.2,3,0.0,2.2,3
jamu beras kencur,188,11.4,0.0,0,0.0,0.1,4
jamu lempuyang,188,11.4,0.0,0,0.0,0.1,4
jangung bose campur kacang hijau belu,67,3.7,0.2,2,0.0,0.6,4
jelly,665,39.6,0.6,233,0.0,1.7,2
jeruk,577,25.9,2.2,226,0.0,11.2,2
kacang atom,2289,22.6,44.3,16,0.0,23.9,2
kacang dadap,2506,14.5,54.3,16,0.0,23.2,3
kacang garing rege,2297,24.5,44.3,16,0.0,23.2,2
kacang shanghai,2506,14.5,54.3,16,0.0,23.2,3
kacang sukro,2448,17.0,51.8,16,0.0,22.1,3
kacang telur,2464,18.3,51.8,16,0.0,21.9,3
karoket,950,13.0,18.2,8,9.0,3.6,3
kayu manis,1092,79.8,3.2,26,0.0,3.9,3
kecap,251,5.6,0.1,5586,0.0,10.5,3
kecap asin,163,10.0,0.0,0,0.0,0.0,4
keluwek,1360,58.2,13.8,52,0.0,12.7,2
kenji,2096,62.1,25.7,3,0.0,6.0,2
keong mas,866,42.9,2.0,22,72.0,4.4,2
kerupuk aci,1594,91.3,0.1,9,0.0,0.3,3
kerupuk gaplek,1523,88.5,0.7,6,0.0,2.6,3
kerupuk ikan berpati,1406,63.9,0.7,57,36.0,15.2,3
kerupuk ketan putih,1594,91.3,0.1,9,0.0,0.3,3
kerupuk legender,1259,73.4,0.7,5,0.0,2.5,3
kerupuk singkong,1205,70.2,0.7,4,0.0,2.4,3
kerupuk singkong pedas,1205,70.2,0.7,4,0.0,2.4,3
kerupuk terigu mentah,1523,76.3,1.0,2,0.0,10.3,3
kerupuk udang,2297,66.6,28.4,74,59.0,6.5,1
kerupuk udang berpati,1502,66.6,1.0,191,160.0,17.3,2
kerupuk upik singkong mentah,1314,76.6,0.7,5,0.0,2.6,3
ketumbar halus,2590,62.9,41.2,72,0.0,25.9,2
ketumbar kasar,1360,58.2,13.8,52,0.0,12.7,2
ketupat,84,4.3,0.0,0,0.0,0.4,4
koci,858,38.7,4.2,3,0.0,3.4,3
kolang-kaling,812,50.0,0.0,1,0.0,0.0,3
kopi made up (belu),8,0.4,0.0,3,0.0,0.1,4
kopi susu (jagung. tepung beras. tapio,1490,80.7,3.4,15,0.0,3.2,3
kopi-kopi (jagung. tepung beras. tapiok,1490,80.7,3.4,15,0.0,3.2,3
koya,787,35.5,4.2,3,0.0,2.2,3
krawu ubi,774,40.8,2.6,3,0.0,1.2,3
krecek singkong mentah,1096,63.8,0.6,4,0.0,2.2,3
krupuk aladin,2205,59.7,30.3,4,0.0,3.0,2
krupuk asin,1824,70.4,13.7,2,0.0,7.2,2
krupuk bala bala,2205,59.7,30.3,4,0.0,3.0,2
krupuk bala bala,2205,59.7,30.3,4,0.0,3.0,2
krupuk fuji (chips-chips),3431,110.7,38.7,660,0.0,8.9,1
krupuk jantan (tapioka. udang.wijen. b,2100,68.8,25.6,4,0.0,2.2,2
krupuk jazzy rp. 100 (ubi. bawang puti,2125,57.3,30.3,8,0.0,5.3,2
krupuk makanan ringan sinbad,1490,80.7,3.4,15,0.0,3.2,3
krupuk mlarat,2205,59.7,30.3,4,0.0,3.0,2
krupuk monas,2205,59.7,30.3,4,0.0,3.0,2
krupuk pasir,2205,59.7,30.3,4,0.0,3.0,2
krupuk raja udang bandeng,2205,59.7,30.3,4,0.0,3.0,2
krupuk rambakl,2205,59.7,30.3,4,0.0,3.0,2
krupuk sambal udang,2205,59.7,30.3,4,0.0,3.0,2
krupuk tempe,1038,13.6,16.2,5,0.0,15.2,3
krupuk tempe besar rp. 500,1038,13.6,16.2,5,0.0,15.2,3
krupuk udang,2205,59.7,30.3,4,0.0,3.0,2
krupuk yeye,2205,59.7,30.3,4,0.0,3.0,2
kue bangke mentga,1958,44.3,32.9,14,18.0,1.8,2
kue bapuk/bakpau,732,37.2,0.5,2,0.0,5.1,3
kue baruasa,787,35.5,4.2,3,0.0,2.2,3
kue bipan,849,39.0,4.2,3,0.0,2.5,3
kue bolu,866,42.9,2.0,22,72.0,4.4,2
kue bolu coklat bundar,866,42.9,2.0,22,72.0,4.4,2
kue bolu gulung,866,42.9,2.0,22,72.0,4.4,2
kue bolu kacang,987,47.2,3.2,4,0.0,4.1,3
kue bolu kenari,866,42.9,2.0,22,72.0,4.4,2
kue bolu kering,866,42.9,2.0,22,72.0,4.4,2
kue bolu kukus,866,42.9,2.0,22,72.0,4.4,2
kue bolu rp. 100,866,42.9,2.0,22,72.0,4.4,2
kue cikak,728,38.3,0.3,1,0.0,3.8,3
kue dadar,787,35.5,4.2,3,0.0,2.2,3
kue dadar gulung,1209,48.3,8.4,21,56.0,5.7,2
kue donat rp. 100,1674,46.3,21.8,20,36.0,5.2,2
kue endog-endogan/onde- onde,1443,52.9,12.9,2,0.0,5.7,2
kue gelangan/jalabria,1678,40.9,26.1,8,0.0,1.8,2
kue gonjing/kue pancong,787,35.5,4.2,3,0.0,2.2,3
kue jalankote,1046,43.9,7.8,5,0.0,2.2,3
kue jalankote (isinya saja),1552,57.6,16.8,11,0.0,1.7,2
kue janda,787,35.5,4.2,3,0.0,2.2,3
kue kambeng-kambeng,787,35.5,4.2,3,0.0,2.2,3
kue kareri sala,787,35.5,4.2,3,0.0,2.2,3
kue lapis,1686,44.3,22.9,32,106.0,5.7,1
kue lapis legit,1686,44.3,22.9,32,106.0,5.7,1
kue lemet,2105,69.0,25.6,4,0.0,2.2,2
kue mangkok/cimplo/apem,787,35.5,4.2,3,0.0,2.2,3
kue nagasari,774,39.9,2.8,2,0.0,2.1,3
kue pancong,1209,38.4,13.6,8,0.0,4.0,2
kue pati singkong goreng,1167,39.4,12.7,2,0.0,3.5,2
kue pia kac. ijo,950,52.2,0.8,8,21.0,4.2,3
kue pisang ijo + kuah,1038,58.1,0.3,3,0.0,2.6,3
kue pisang molen rp. 100,787,37.1,2.2,20,64.0,5.6,2
kue putri salju,1209,38.4,13.6,8,0.0,4.0,2
kue putu beras,787,35.5,4.2,3,0.0,2.2,3
kue roko'-roko' unti rp. 50 (nagasari),619,30.6,2.6,2,0.0,1.7,3
kue sakura,866,42.9,2.0,22,72.0,4.4,2
kue telur gabus/kue kontol bebek,866,42.9,2.0,22,72.0,4.4,2
kue timus,908,28.9,8.0,78,398.0,7.8,2
kue uler-uleran,866,42.9,2.0,22,72.0,4.4,2
kulit,2209,60.0,30.3,4,0.0,3.0,2
kunci,1360,58.2,13.8,52,0.0,12.7,2
kunyit,1360,58.2,13.8,52,0.0,12.7,2
laos,1360,58.2,13.8,52,0.0,12.7,2
lemper,787,35.5,4.2,3,0.0,2.2,3
lemper bakar,828,32.1,5.7,10,8.0,4.7,3
lengkuas,577,25.9,2.2,226,0.0,11.2,2
lodeh tahu and tempe,347,4.8,5.6,6,0.0,4.9,4
loder,79,3.2,0.8,1,0.0,0.5,4
lontong,787,35.5,4.2,3,0.0,2.2,3
lopis ketan,787,35.5,4.2,3,0.0,2.2,3
lumpia,527,17.7,3.7,25,74.0,5.0,3
martab ak kac abd meises?,1753,49.7,21.5,27,85.0,8.1,1
martabak,1335,31.0,18.1,29,87.0,7.7,1
martabak kacabd meises,1736,52.1,20.5,27,85.0,7.1,1
merica,1360,58.2,13.8,52,0.0,12.7,2
merica halus,1360,58.2,13.8,52,0.0,12.7,2
milna,1619,78.1,1.0,130,5.0,14.0,3
nagasari,891,33.5,8.8,6,0.0,2.5,3
oncom goreng,1678,40.9,26.1,8,0.0,1.8,2
onde onde,1167,39.4,12.7,2,0.0,3.5,2
onde onde singkong,1167,39.4,12.7,2,0.0,3.5,2
ongol-ongol,602,36.2,0.0,8,0.0,0.0,3
opak,2100,68.8,25.6,4,0.0,2.2,2
opak kentang,2335,51.0,38.4,656,0.0,5.9,1
orog orog,774,40.8,2.6,3,0.0,1.2,3
oseng oseng kool belu,477,2.3,12.2,4,0.0,0.5,3
ote ote,866,42.9,2.0,22,72.0,4.4,2
ovaltine (tepung),1418,79.9,2.4,88,3.0,9.0,3
pandan,577,25.9,2.2,226,0.0,11.2,2
papais,305,16.2,1.8,5,0.0,1.3,4
pastel,1469,15.5,26.6,41,111.0,11.8,2
pepes ampela,393,0.0,3.8,30,35.0,14.1,4
pergedel kentang belu,1142,11.7,21.6,22,39.0,8.7,3
perkedel jagung,598,13.9,7.4,26,39.0,7.3,4
pipis/keyimus,774,40.8,2.6,3,0.0,1.2,3
pisang goreng,661,17.5,10.4,1,0.0,0.9,3
pisang molen,887,18.2,15.4,2,4.0,1.6,3
pop corn/lappo/benno,1841,65.4,18.1,30,0.0,6.9,2
promina,1619,78.1,1.0,130,5.0,14.0,3
rawon,866,42.9,2.0,22,72.0,4.4,2
rengginang,1728,71.5,10.5,0,0.0,6.0,2
rengginang ketan putih mentah,707,37.2,0.3,0,0.0,3.1,3
rengginang singkong mentah,1259,73.4,0.7,5,0.0,2.5,3
risoles,1033,33.3,7.6,25,60.0,10.3,2
salam,1155,51.7,4.4,452,0.0,22.4,2
sambal,427,18.1,5.5,10,0.0,3.8,4
semprong,703,38.8,1.4,3,0.0,0.2,3
sengkulun,787,35.5,4.2,3,0.0,2.2,3
serabi,1678,40.9,26.1,8,0.0,1.8,2
sereh,577,25.9,2.2,226,0.0,11.2,2
siomay,297,4.5,1.4,26,35.0,9.5,4
sirup ad plex,163,10.0,0.0,0,0.0,0.0,4
sirup batuk,163,10.0,0.0,0,0.0,0.0,4
sirup papasetamol,163,10.0,0.0,0,0.0,0.0,4
slondok,2021,63.8,25.6,4,0.0,2.2,2
snack anak mas,2096,62.1,25.7,3,0.0,6.0,2
snack boiki,2205,59.7,30.3,4,0.0,3.0,2
snack idola,866,42.9,2.0,22,72.0,4.4,2
snack primarasa,2096,62.1,25.7,3,0.0,6.0,2
snack rasa kelapa muda,2962,30.4,67.0,40,0.0,6.6,2
snack super lipo (tapioka. gula. garam.,2100,68.8,25.6,4,0.0,2.2,2
snack taro,2096,62.1,25.7,3,0.0,6.0,2
snack taro/kenji snack top ten sn,2096,62.1,25.7,3,0.0,6.0,2
snack tic tic makanan ringan/dora emon,2335,51.0,38.4,656,0.0,5.9,1
snack tuyul & mbak yul (jagung. garam.,1490,80.7,3.4,15,0.0,3.2,3
sun,1619,78.1,1.0,130,5.0,14.0,3
tape goreng,2075,57.2,30.5,4,0.0,1.8,2
tape ubi (poteng),1377,81.7,0.7,5,0.0,2.5,3
air ikan cakalang,59,1.4,0.5,1019,1.0,1.0,3
air ikan layang,59,1.4,0.5,1019,1.0,1.0,3
air sayur,8,0.5,0.0,1,0.0,0.1,4
air sayur + isi,17,0.9,0.1,2,0.0,0.2,4
air sayur nangka,50,3.1,0.0,1,0.0,0.1,4
air sayur sukun,50,3.1,0.0,1,0.0,0.1,4
air tajin purworejo,79,5.0,0.0,0,0.0,0.0,4
bubur ayam,665,28.6,2.1,7,8.0,5.1,3
bubur beras bersantang purworejo,113,3.5,1.4,1,0.0,0.4,4
bubur campur belu,314,16.5,0.1,1,0.0,1.4,4
bubur cenil/bubur gintir/bubur candil,305,16.0,0.1,0,0.0,1.3,4
bubur halus campur susu belu,444,15.7,2.9,48,4.0,3.9,4
bubur havermuth,259,10.8,1.0,1,0.0,2.6,4
bubur kacang hijau belu,71,3.1,0.1,1,0.0,1.2,4
bubur kacang hijau with coconut milk,586,24.7,3.5,10,0.0,3.1,3
bubur kacang ijo and beras merah,473,24.8,0.2,1,0.0,3.0,3
bubur kacang ijo nestle,1732,65.8,9.8,160,13.0,14.2,3
bubur kacang ijo with sugar and water,310,16.2,0.2,1,0.0,2.3,4
bubur ketan hitam,636,30.1,3.4,2,0.0,1.1,3
bubur lunac belu,151,8.0,0.1,0,0.0,0.7,4
bubur nasi,305,16.0,0.1,0,0.0,1.3,4
bubur nasi (belu),151,8.0,0.1,0,0.0,0.7,4
bubur nasi campur,276,13.3,0.5,1,0.0,2.0,4
bubur nasi campur kangkung,523,27.5,0.2,1,0.0,2.4,3
bubur nasi campur sawi belu,264,13.9,0.1,1,0.0,1.3,4
bubur nasi campur supermie belu,184,9.5,0.1,0,0.0,0.9,4
bubur nasi campur tomat belu,167,8.8,0.1,2,0.0,0.8,4
bubur nasi kac. hij. (belu),50,2.5,0.0,0,0.0,0.5,4
bubur nasi kecap,640,36.3,0.1,280,0.0,1.9,2
bubur nasi wortel,322,17.1,0.1,7,0.0,1.5,4
bubur nestle belu made up,172,6.6,1.0,16,1.0,1.4,4
bubur nestle dry,1941,51.6,19.0,320,25.0,21.6,1
bubur nutricia sayur daging,1732,65.8,9.8,160,13.0,14.2,3
bubur pacar,548,24.8,3.4,4,0.0,0.4,3
bubur saing,75,4.0,0.0,0,0.0,0.3,4
bubur sari buah nestle,2494,105.9,10.1,160,13.0,17.5,2
bubur saring belu,305,16.0,0.1,0,0.0,1.3,4
bubur serelac made up belu,372,11.4,3.1,51,4.0,3.7,4
bubur sum sum belu,151,8.0,0.1,0,0.0,0.7,4
bubur sumsum/bubur belohok,146,6.7,0.9,1,0.0,0.3,4
bubur sun beras merah,192,5.2,1.9,32,3.0,2.2,4
bubur sun beras merah belu made up,172,6.6,1.0,16,1.0,1.4,4
bubur sun kacang hijau belu made up,347,13.2,2.0,32,3.0,2.8,4
bubur sun pisang belu made up,347,13.2,2.0,32,3.0,2.8,4
bubur tepung,305,16.0,0.1,0,0.0,1.3,4
bubur tepung beras dry rice flour,1536,80.7,0.6,0,0.0,6.8,3
bubur tepung beras merah,305,16.0,0.1,0,0.0,1.3,4
bubur tepung beras -oko belu,238,9.0,1.4,22,2.0,2.0,4
bubur tepung jangung belu,364,18.5,0.9,8,0.0,1.9,4
bubur tim,331,16.1,0.5,6,19.0,2.0,4
bubur tim belu,180,8.1,0.4,6,19.0,1.4,4
cangkring tetelan,79,0.0,0.8,6,7.0,2.8,4
cerelac/ ceresoy,1619,78.1,1.0,130,5.0,14.0,3
kuah asam ikan tembang belu,38,0.0,0.3,5,6.0,1.7,4
kuah sayur kool belu,121,2.4,2.2,4,0.0,0.5,4
saos tomat,134,6.9,0.5,14,0.0,1.4,4
soto ayam,452,8.7,4.6,30,75.0,7.4,3
soto daging,238,0.0,4.6,8,13.0,3.6,4
sup ayam belu,180,0.0,2.8,11,12.0,4.0,4
sup daging  belu,238,0.0,4.6,8,13.0,3.6,4
sup kacang hijau  belu,121,5.2,0.1,1,0.0,1.9,4
sup kacang merah  belu,134,5.7,0.1,1,0.0,2.2,4
susu bebelac,2092,60.8,24.5,160,13.0,10.8,2
susu bendera 123,1941,51.6,19.0,320,25.0,21.6,1
susu chilmil,1862,63.7,14.3,240,19.0,16.2,1
susu dancow,1941,51.6,19.0,320,25.0,21.6,1
susu dancow balita,1941,51.6,19.0,320,25.0,21.6,1
susu dancow coklat,1812,70.9,11.4,192,15.0,13.0,2
susu dancow instant,1941,51.6,19.0,320,25.0,21.6,1
susu dancow made up(belu),163,6.1,1.1,19,2.0,1.3,4
susu enfamil,1941,51.6,19.0,320,25.0,21.6,1
susu envapro,1941,51.6,19.0,320,25.0,21.6,1
susu kental manis made up belu,1385,55.0,9.8,138,35.0,8.0,3
susu lactogen,1941,51.6,19.0,320,25.0,21.6,1
susu lactogen 1,2092,60.8,24.5,160,13.0,10.8,2
susu lactogen 2,1941,51.6,19.0,320,25.0,21.6,1
susu lactogen made up (belu),163,6.1,1.1,19,2.0,1.3,4
susu llm,2092,60.8,24.5,160,13.0,10.8,2
susu morinaga,2092,60.8,24.5,160,13.0,10.8,2
susu nutrilon,2092,60.8,24.5,160,13.0,10.8,2
susu nutrima,1941,51.6,19.0,320,25.0,21.6,1
susu promil,1933,53.8,18.1,378,68.0,22.9,0
susu s26,2092,60.8,24.5,160,13.0,10.8,2
susu sgm 1,2092,60.8,24.5,160,13.0,10.8,2
susu sgm 2,1941,51.6,19.0,320,25.0,21.6,1
susu sgm dry powder,1941,51.6,19.0,320,25.0,21.6,1
susu sustagen,1941,51.6,19.0,320,25.0,21.6,1
susu sustagen yunior,1527,69.4,1.2,312,12.0,20.4,2
susu vitalac 1,2092,60.8,24.5,160,13.0,10.8,2
susu vitalac 2,1941,51.6,19.0,320,25.0,21.6,1
Puree wortel,200,48.0,0.2,45,0.0,2.0,3
Puree kentang,280,60.0,0.2,5,0.0,2.0,3
Puree labu kuning,210,46.0,0.1,15,0.0,1.5,3
Puree ubi jalar,250,58.0,0.1,10,0.0,2.0,3
Puree alpukat,300,15.0,15.0,5,0.0,3.0,3
Puree pisang,330,23.0,1.0,10,0.0,1.0,3
Bubur kacang hijau,250,40.0,0.5,25,0.0,4.0,3
Bubur beras merah,230,30.0,1.0,20,0.0,5.0,3
Puree brokoli,220,40.0,0.3,15,0.0,2.0,3
Bubur oatmeal,240,55.0,2.0,5,0.0,3.0,3
Bubur kacang merah,260,50.0,2.5,20,5.0,4.0,3
Bubur ayam dan labu,270,45.0,3.0,30,15.0,6.0,3
Nasi tim ayam,290,55.0,5.0,25,20.0,5.0,3
Nasi tim daging sapi,310,70.0,8.0,20,30.0,7.0,3
Nasi tim ikan,320,65.0,6.0,30,25.0,8.0,3
Sup sayuran,300,60.0,3.0,10,10.0,6.0,3
Bola-bola nasi dengan sayuran,310,62.0,4.0,15,15.0,7.0,3
Omelet sayur,300,50.0,2.0,20,5.0,8.0,3
Sup ayam dan kentang,260,30.0,1.0,15,0.0,4.0,3
Bubur sereal,230,40.0,0.5,10,0.0,3.0,3
